{"low_risk_max_pd":0.2345323116,"medium_risk_max_pd":0.4979737103}